date,title
2020-03-01,First death from coronavirus in the United States confirmed in Washington state
2020-03-01,Oil prices are dropping fast. Can OPEC come to the rescue?
2020-03-01,Trump is expected to visit the CDC and NIH this week amid growing coronavirus threat
2020-03-01,Trump announces new coronavirus screening procedures for travelers to US
2020-03-02,What symptoms to be on the lookout for and how to protect yourself from coronavirus
2020-03-02,Stocks got slammed. Here’s what history suggests happens next
2020-03-03,Coronavirus will wreak havoc on the US economy
2020-03-03,Google cancels its biggest annual event over coronavirus fears
2020-03-04,A guide for waiters and restaurants navigating coronavirus
2020-03-05,Senate approves $8.3 billion total coronavirus response package
2020-03-05,DHS denies 241 people entry at US ports and airports over coronavirus
2020-03-06,The coronavirus crash has wiped $9 trillion off stocks already. Global markets are still falling
2020-03-06,Busy tourist attractions and airports empty amid coronavirus outbreak
2020-03-06,WHO warns governments “this is not a drill” as coronavirus infections near 100000 worldwide
2020-03-06,’This is a crisis.’ Airlines face $113 billion hit from the coronavirus
2020-03-07,Dirty money: The case against using cash during the coronavirus outbreak
2020-03-08,Parts of financial markets are pricing in a global recession
2020-03-09,Coronavirus is now in 34 states and a cruise ships linked to dozens of cases will soon dock in the US
2020-03-10,Low oil prices could damage the US economy
2020-03-10,Stocks swing wildly and close higher
2020-03-11,Airlines win regulatory relief to ease coronavirus hardship
2020-03-11,Coronavirus cases in the United States reach 1000 as officials continue to call off large gatherings
2020-03-11,States and White House consider disaster declaration to deal with coronavirus outbreak
2020-03-12,NBA suspends season after Jazz center Rudy Gobert tests positive for coronavirus
2020-03-12,US stocks enter bear market territory after Trump’s travel ban
2020-03-13,How to prepare if coronavirus might cut your income
2020-03-13,Wall Street had a dreadful day. More may be on the way
2020-03-14,Wall Street volatility is here to stay
2020-03-14,First coronavirus-related death reported in New York 
2020-03-15,Top US health official warns that America has ‘not reached our peak’ in coronavirus cases
2020-03-16,Dow and US stocks plunge again
2020-03-16,The Dow had its worst point drop ever as stocks tumbled again
2020-03-16,Corporate earnings are about to get extremely ugly
2020-03-17,Global markets struggle to regain footing following historic plunge
2020-03-17,This market crash is even crazier than 1929
2020-03-18,The Fed’s latest rate cut was a useless and desperate move
2020-03-18,Retailers were struggling. Then came the coronavirus
2020-03-18,Oil collapses by another 24% to $20. It hasn’t been this low since 2002
2020-03-18,$1 trillion deficits and near-zero rates. The worst way to enter a recession
2020-03-19,Trump loses his touch with the markets as coronavirus threat grows
2020-03-19,US stocks resume their roller coaster ride
2020-03-19,US coronavirus cases soar past 8700 as officials try to head off overwhelming effects
2020-03-20,The number of US coronavirus cases has topped 13000 as testing becomes more available
2020-03-20,Airlines and labor allied for government aid push
2020-03-20,Washington will have to spend more than $1 trillion to prevent economic calamity
2020-03-20,Global markets and US stock futures rally as central banks go all-in
2020-03-21,FDA authorizes new test that could detect coronavirus in about 45 minutes
2020-03-21,Stimulus package could top $2 trillion as negotiators look to clear final major hurdles
2020-03-22,Treasury secretary project optimism on stimulus bill for coronavirus relief
2020-03-23,Coronavirus rages as Washington struggles to catch up
2020-03-24,Companies that binged on buybacks now seek bailouts from taxpayers
2020-03-25,Global markets are starting to cool on the massive US stimulus deal
2020-03-26,Wednesday has been deadliest day in reported coronavirus deaths in US
2020-03-26,US unemployment claims skyrocketed last week. There’s more pain to come
2020-03-26,Stimulus bill offers $600 a week to the unemployed for 4 months
2020-03-26,Global stocks and US futures drop as investors brace for jobless numbers
2020-03-27,Zoom’s massive ‘overnight success’ actually took nine years
2020-03-27,US has more known cases of coronavirus than any other country
2020-03-28,Abortion is a human right. A pandemic doesn’t change that
2020-03-29,Economists and investors are flying blind through a pandemic
2020-03-30,Global stocks and oil fall as investors brace for another wild week in markets
2020-03-31,Dow closes out the worst first quarter in history
2020-03-31,It will be a devastating week for the US economy. There is no playbook — and stimulus must come fast
2020-04-01,Car sales are plunging in the US because of coronavirus
2020-04-01,Last quarter was brutal for stocks. This one is a wild card
2020-04-02,America’s labor market is hurting. But this jobs report won’t show the worst of it
2020-04-02,A wave of oil bankruptcies is on the way
2020-04-03,Coronavirus has already permanently changed our economy and the way we live
2020-04-04,US coronavirus deaths surpassed 7000. States say they’re still missing what they need to combat the virus
2020-04-05,US coronavirus death tool tops 8000 as Trump warns ‘there will be a lot of death’
2020-04-06,How coronavirus is deepening American inequality
2020-04-06,The global economy just got a $1 trillion infusion from Japan
2020-04-06,Critical week ahead to fix initial roadblocks to coronavirus relief package
2020-04-07,US coronavirus death count likely an underestimate. Here’s why
2020-04-08,Wall Street rallies on coronavirus optimism 
2020-04-09,Cargo prices skyrocketing as companies and the federal government rush medical supplies to the US
2020-04-09,The Fed just unleashed another $2.3 trillion to support the economy
2020-04-10,A crisis mental-health hotline has seen an 891% spike in calls
2020-04-11,Trump keeps wanting to reopen the economy. Voters disagree.
2020-04-12,Don’t lose hope now
2020-04-13,Why New York has been hit so hard by coronavirus
2020-04-14,US stocks climb higher as earnings season begins
2020-04-15,American factories just had their worst month since 1946
2020-04-16,The stock market is acting like a rapid recovery is a slam dunk. It’s not
2020-04-16,More big economies are easing coronavirus
2020-04-17,Oil crashes below $19 — falling to an 18-year low
2020-04-19,Governors dispute Trump’s claim that there’s enough coronavirus testing
2020-04-20,Some anti-vaxxers are changing their minds because of the coronavirus pandemic
2020-04-21,Here’s why coronavirus testing is so important
2020-04-21,Oil closes at $10 but market remains ‘broken’
2020-04-22,Boeing won’t be returning to ‘normal’ anytime soon
2020-04-23,Trump disregards science as chaos overtakes coronavirus response
2020-04-24,The pandemic will kill more Americans than died in Vietnam
2020-04-24,US stocks set to end loser of a week with gains
2020-04-25,WHO says no evidence shows that having coronavirus prevents a second infection
2020-04-26,Some states begin to reopen as US closes in on 1 million coronavirus cases
2020-04-27,The coronavirus pandemic could push telemedicine into the mainstream
2020-04-29,Investors could get a one-two punch of awful news today
2020-04-30,30 million Americans have filed initial unemployment claims since mid-March
